Date,Open,High,Low,Close,Volume
2020-01-01,101.42289170054286,102.89606958959723,98.7183530768446,100.49671415301123,108605
2020-01-02,102.26786649231018,102.28308353475282,99.90963556816858,100.35844985184005,462462
2020-01-03,99.60757081612161,102.06576875986092,100.82433727336306,101.00613838994074,494597
2020-01-04,103.09213748303934,102.88223146864318,101.53254270375972,102.52916824634876,381954
2020-01-05,101.6443723025036,103.99323818523902,101.46519949415035,102.29501487162543,349415
2020-01-06,101.57375253091156,103.45436330009801,101.51410596400353,102.06087791467625,255394
2020-01-07,103.04769680594478,105.53528395021138,101.94370328272693,103.64009073018364,141869
2020-01-08,103.54353468965674,106.04269726101852,102.45222025076605,104.40752545933655,132955
2020-01-09,103.98657270134642,105.98760378872093,102.84964418710975,103.9380510734016,161388
2020-01-10,103.64966100057653,104.945375905427,102.0030810359323,104.48061111698756,341324
2020-01-11,104.28765024995495,106.33458748980944,104.1588825383086,104.0171934241751,110207
2020-01-12,103.5012255611557,104.74906327529725,102.74512312988456,103.55146367060485,318401
2020-01-13,103.55447789530446,106.86868681479613,103.51024826277367,103.79342594217087,259292
2020-01-14,100.97258203547148,102.19095787942351,102.74668231458614,101.88014569751307,305157
2020-01-15,99.57845653443171,102.89119166816529,99.23790855084275,100.15522786500004,122031
2020-01-16,100.34833156158483,100.79085111922171,98.71468784414235,99.59294033575907,442951
2020-01-17,99.08102640304904,98.9286912118102,96.06665947218252,98.58010921542466,171312
2020-01-18,97.91680130322138,99.41047071396561,97.26354486346516,98.89435654801993,159766
2020-01-19,98.08566477792795,98.6659851643044,98.01051929682792,97.98633247249872,243521
2020-01-20,97.32541589453521,97.99819471756534,93.71993620482924,96.57402877116343,451977
2020-01-21,96.37027225896361,99.56251302812048,95.81864384455963,98.03967754008498,287771
2020-01-22,98.35726143197837,98.24020123565985,96.23180353612982,97.81390123959844,337199
2020-01-23,97.21880568534053,98.85707485202539,97.1079135431362,97.88142944428637,336731
2020-01-24,97.02727992666607,99.59895161668477,96.41612049479639,96.4566812580729,335841
2020-01-25,95.14903937700521,98.63984170364844,95.28450530961878,95.91229853354773,211041
2020-01-26,94.21833902259307,97.45954479293162,93.9344725035534,96.02322112325758,216185
2020-01-27,93.24468510795212,95.9102310240035,91.98764123990068,94.87222754583529,277164
2020-01-28,95.29601051084234,96.36795689089922,92.70468203590877,95.24792556418096,110350
2020-01-29,94.90700937598363,96.26080484699257,94.13613629604842,94.64728687426215,327230
2020-01-30,93.45127649936447,94.33280055927048,94.47521055775789,94.35559312446888,463003
2020-01-31,94.39247897101684,94.49650997481614,92.61300026532827,93.75388651223948,361570
2020-02-01,93.94464463447946,94.93758062287083,96.37460406231128,95.60616469674842,168487
2020-02-02,95.52658767336317,96.99189059461577,94.26949975782571,95.59266747201049,248694
2020-02-03,93.32394034329214,96.18215248275733,93.68255912935327,94.53495654305459,223853
2020-02-04,94.70566534735562,95.8743149928584,94.82353795702602,95.35750145515777,415261
2020-02-05,94.18405647650317,96.7106445684768,94.73136087245355,94.13665780518676,335062
2020-02-06,93.48510803490755,94.11975573718917,92.83192129362179,94.3455214001915,333077
2020-02-07,92.0012957320819,91.92147639610191,91.91855211597364,92.38585127631173,463228
2020-02-08,92.06395803662775,92.28211704597328,91.22758206312359,91.05766522741331,123782
2020-02-09,90.67763459375928,93.30162476589459,93.12678867656408,91.25452646328243,390598
2020-02-10,92.82868515534298,94.6769207347357,91.02050794832847,91.99299304327783,430048
2020-02-11,91.03465446981019,92.70547706159887,89.39210972779806,92.1643613244678,229936
2020-02-12,92.57851721999485,94.12739387551086,89.3874538275317,92.04871304207957,253245
2020-02-13,93.18917796714818,92.70910087698957,91.20470560307655,91.74760934649028,222258
2020-02-14,87.79744285599557,91.09646005618204,89.87129941648463,90.26908735612285,211668
2020-02-15,88.75234789225766,91.4329030852148,88.08046889165311,89.54924314772813,486328
2020-02-16,89.6656765039489,90.74092725518177,89.08698981595666,89.08860437676836,378710
2020-02-17,89.94268121694428,89.56933444600301,88.8439347031678,90.14572660298727,238262
2020-02-18,90.86049076592704,92.96588524228163,88.72326461417104,90.48934489255574,138333
2020-02-19,88.12231955047717,91.10639609134044,86.49937151330869,88.72630473719299,484073
2020-02-20,89.1369784940607,89.42482600507827,88.15054278306775,89.0503887065878,311977
2020-02-21,88.50962919077939,90.06110995960888,87.86898017634843,88.66530642617147,189571
2020-02-22,89.15616648752533,89.48241461214826,87.86636701262208,87.98838442586552,220263
2020-02-23,88.8544815580076,89.8607344805303,88.42694106874625,88.60006071470639,494805
2020-02-24,89.96866289927753,90.08075508335692,88.85753912910386,89.63106023720233,125235
2020-02-25,90.15046339019607,90.89071698838048,89.19497484950234,90.56234035631853,100159
2020-02-26,89.2355166090234,90.69756876210445,87.80953820686265,89.7231228330959,243217
2020-02-27,88.98135226942506,91.58663947650405,89.21708940792503,89.41391045724468,262993
2020-02-28,90.13962603102654,91.28877404324267,87.25248531968872,89.74517388864824,467003
2020-02-29,90.29973453495033,91.35010468368449,89.99184261681317,90.7207190157706,247309
2020-03-01,90.53131963482173,92.01324348857366,89.26291207227375,90.24154477792531,207507
2020-03-02,92.13128659990693,88.20734318063143,89.80309748040932,90.0558858012615,114743
2020-03-03,89.82067553068715,91.09831652762757,90.3737910875284,88.94955082725546,328174
2020-03-04,87.42732067100697,87.01363042439671,85.86929880681376,87.7533442031748,146101
2020-03-05,89.76708394773294,89.20342908416586,86.82902612847657,88.565870025569,342717
2020-03-06,89.51403468111828,89.80244015951368,89.20343761125804,89.92211005413982,221534
2020-03-07,87.81197539738163,89.55541845683858,88.78310921533462,89.85009993255949,446371
2020-03-08,89.84554651953411,93.01445961783004,89.33769361274742,90.85363283045152,330604
2020-03-09,89.34447693447329,91.74756765418725,91.77781471238569,91.21526885549915,287450
2020-03-10,90.21863561685271,91.91665298262473,90.09920177824031,90.57014910089401,433270
2020-03-11,90.94996308559199,91.88462412752325,89.1372800267806,90.93154470640243,418215
2020-03-12,94.14601858514368,93.94662210009152,92.72387069603765,92.4695812728684,302193
2020-03-13,92.76068260752261,93.5105771248187,91.14019730159181,92.43375523375845,436907
2020-03-14,93.77929836076359,93.71540666538388,94.35498069419586,93.99839888957246,335422
2020-03-15,92.2080593666662,93.37492060492986,89.91222380304919,91.37865378548271,246721
2020-03-16,89.98942098085004,92.70679970669661,91.2361977721554,92.20055628985793,268785
2020-03-17,92.52321791620467,91.73102145943635,92.90273517400162,92.2876033580961,304535
2020-03-18,92.7594612015172,92.56048084666432,89.82385665317307,91.98859600763024,276481
2020-03-19,90.6017705383859,94.58111657480005,91.8149483609638,92.08035678416574,279838
2020-03-20,91.23654191277177,91.94300961167833,89.90304030657923,90.09278786956484,146154
2020-03-21,90.21161238922176,90.52446384731948,88.67254678449639,89.87311598172734,369160
2020-03-22,89.81494063933829,90.88097084892065,88.08159120381038,90.23022855323909,451822
2020-03-23,92.34090446408689,92.38648754676322,91.723944416959,91.7081225979806,474200
2020-03-24,93.46054523751134,94.26660036326778,90.12817252985897,91.18985237970695,154238
2020-03-25,90.56322503187226,91.76329422904533,88.9525422764832,90.38135877681377,420752
2020-03-26,90.12782231952956,91.3096433804203,88.18649612596607,89.87960173322922,189081
2020-03-27,90.33564295139105,92.82528730496314,89.61856229565407,90.7950038509313,347644
2020-03-28,90.2739105911262,92.3625441196175,90.4907827996743,91.12375496059099,413105
2020-03-29,91.4243305733682,91.33495261100325,90.42158497747266,90.59399475682395,299775
2020-03-30,90.25117836402843,91.91091234085232,90.02111830689093,91.1072621899373,389061
2020-03-31,91.27590597650473,92.13273847987128,91.27647875127096,91.20433973928534,390134
2020-04-01,91.69532728305312,93.13576249330839,94.09433521331285,92.17298472981824,162551
2020-04-02,91.94991146168726,93.19856117957785,90.0343718317832,91.47093163594087,310695
2020-04-03,91.47693159463006,92.19521537515041,89.23933464825691,91.14326948934311,253512
2020-04-04,91.78870128046886,92.48380141342653,92.11409377175279,90.75116133621096,266277
2020-04-05,88.77762998922408,90.20692980797024,89.29737709278876,89.28764638807883,180811
2020-04-06,89.31389172985004,90.6624018554595,87.96461240413822,89.58376666514341,354840
2020-04-07,88.866058221541,88.8466212527912,86.7873264676116,89.8448219373233,417247
2020-04-08,89.40564213388966,91.76626306866825,88.82914168629036,89.84993539396577,468266
2020-04-09,89.99264875363546,90.9618367364886,89.34335120181974,89.61534826059061,334104
2020-04-10,88.95696613518555,90.19798762839984,87.38287395964504,88.1999775185402,119008
2020-04-11,86.85716687159722,85.88307681758116,85.40445577662666,87.77933219577484,302346
2020-04-12,88.30622359935373,90.5249923840288,87.0825818583726,87.43661767924807,132402
2020-04-13,87.98997826883141,87.49475078187128,86.43353241667671,86.63434041002645,284456
2020-04-14,86.88648960158415,88.58123751509795,85.95579822054248,86.47305469836044,359994
2020-04-15,88.75390136773305,86.83719962804945,86.8304341634337,86.87710555517498,499009
2020-04-16,87.98950225728193,90.37606536144807,87.6406211403907,88.7632914563855,236643
2020-04-17,87.69321456590593,88.88445370604369,86.31319081074778,88.93786926921734,213550
2020-04-18,87.41669941103584,89.57165069924432,87.87234038682409,89.19541965994011,191218
2020-04-19,90.61701805566312,92.03500509804073,88.37332724630022,89.12097374417394,233296
2020-04-20,87.85656818522897,88.01152012811156,86.49401379779044,87.2022025288749,279767
2020-04-21,87.12010398251523,88.3931215266054,87.73887946212234,87.17568865342568,482923
2020-04-22,87.51588748968653,89.10598659405548,85.35280908621957,87.23591886336672,491858
2020-04-23,88.57367192855362,91.1948428638246,88.7769981728648,89.699160975852,341060
2020-04-24,91.95255199068771,90.65721891621446,88.68727992466151,89.50680001107088,340016
2020-04-25,89.93756853537971,91.17330835587072,85.61523978555962,89.80834735340449,132441
2020-04-26,89.88303037830414,93.17705116893752,88.47488267533356,89.77363558369925,338038
2020-04-27,89.33072416997841,89.54733874904613,88.3567485961749,88.60495754607972,270201
2020-04-28,90.22878959233144,90.9488794073097,89.17413795680028,89.74778036059473,331324
2020-04-29,90.72359741756064,92.55036778928913,88.35126768408476,90.49971339328151,424512
2020-04-30,90.50027088487924,93.39627127328254,90.17747492978678,91.29074534032455,192122
2020-05-01,90.8528262426658,92.5683881910902,90.81963586384718,90.38135788552981,144760
2020-05-02,93.66617669294095,93.42288241849509,89.86492326189071,91.78415219646591,385622
2020-05-03,91.72772117982862,90.23929622094315,90.05044521921263,90.38230113367364,490025
2020-05-04,92.5623448541133,93.60258975977501,88.09586045125637,90.96915822747391,433998
2020-05-05,92.6483981768527,93.0132684602652,91.07956578756924,93.15961385328389,456374
2020-05-06,91.17947270789462,93.47171299339223,91.61639942381194,92.1690775281532,447860
2020-05-07,91.47699287845077,91.84850394853106,89.3217634368153,91.60277979855042,243252
2020-05-08,91.75815607592676,92.63829281704507,90.63457565311066,91.70243116363807,198538
2020-05-09,92.29314702799282,92.52771791982535,89.34618183439964,91.19895550952187,115372
2020-05-10,87.95582744874092,90.96964929390602,88.16355926116127,89.64829207845574,391940
2020-05-11,91.24640537272236,91.13877580749704,89.56321170825262,89.71685505326175,321035
2020-05-12,88.49654344095667,91.2682626085943,88.29810117185312,88.65455133953566,460970
2020-05-13,88.70126270022342,90.58167807168482,87.09818295258968,89.12814377017084,482736
2020-05-14,87.19661516067687,88.96456290064638,87.54349486804358,88.20871953593704,455779
2020-05-15,88.1037972690888,91.72274110924293,89.16230240419657,89.75865394095457,211022
2020-05-16,89.79857123258024,91.16487113754297,88.93052322796768,88.97540064861833,154040
2020-05-17,88.72665709960106,88.42573131727566,87.22974006681919,88.65333913241265,437501
2020-05-18,88.17689545004129,91.06425641963219,86.40433143053919,89.46685634978233,302440
2020-05-19,86.94091326128475,89.93716477565927,88.30352494760264,88.23599203334837,178356
2020-05-20,88.12766726866238,89.16588846459251,87.43923251127976,88.46345196795251,378355
2020-05-21,91.43961624752433,92.14630153554656,87.3583741668195,89.77059472223493,467570
2020-05-22,87.90352013631009,89.01305590064118,87.24275287891942,88.1631114876737,367986
2020-05-23,86.84460239308791,89.47332179967755,86.89537354995628,88.34774534620601,428996
2020-05-24,88.3618850763685,89.43455631617057,88.67002166860132,88.60762814045444,487881
2020-05-25,89.11672744248408,90.40503005981321,87.9611439150241,89.38945101223175,408112
2020-05-26,85.45561365841208,88.05622521445845,87.3396445663582,88.15250030135365,379652
2020-05-27,86.77774882175157,86.39199280567509,84.84631369258952,86.83204368826938,253077
2020-05-28,87.12305072367761,89.94849031711125,85.16659920232152,87.35398525388628,154575
2020-05-29,88.34717629193288,87.80400857880113,84.06140628510084,87.65096992711946,250043
2020-05-30,89.75041887241069,87.91007042800904,86.32182960425176,87.90146277746534,166914
2020-05-31,89.37447601651009,87.0945208733586,86.92211467038015,88.24791098696232,349134
2020-06-01,87.298997574829,87.92892451769433,86.3735019638065,87.56788626538383,167055
2020-06-02,86.69361405380316,87.47705016913733,87.15330625535552,87.80013996254483,187697
2020-06-03,90.66657223909337,90.73522759597988,86.75472859238182,88.09321243584351,206239
2020-06-04,87.43807945183163,89.38867810715978,86.67426242795618,87.37886101781714,335469
2020-06-05,89.25856482087484,89.55648518378418,88.07617455269228,89.2446355289619,223106
2020-06-06,89.69434336276368,92.97090425521799,87.40087091426572,89.71846844987368,367499
2020-06-07,88.7252497134389,90.50893043966263,88.53370751795069,88.52716495267104,416264
2020-06-08,89.03935814938093,89.85888717779625,87.04384000017582,89.18371856130487,400486
2020-06-09,87.6353748841973,86.70963117620397,85.89192182373768,88.20903689107755,102257
2020-06-10,88.44926255357962,92.28706406741074,88.11419002181108,88.99612149482,389508
2020-06-11,90.12196380361141,89.7651446070638,91.276571972836,90.1547170738274,256044
2020-06-12,88.79060998434193,88.68863600851881,88.94185674257014,89.3340347554757,211715
2020-06-13,89.58456510204284,92.31998131672965,88.0004163381589,90.29741088472001,126654
2020-06-14,90.81662203934842,94.14994421799578,89.7330598739554,90.71019181165651,311841
2020-06-15,91.27727475423015,93.91652479016153,91.53155420394592,91.53225197165101,443567
2020-06-16,94.93303794288764,94.9929540743573,92.93381987553316,93.42904495430494,391464
2020-06-17,90.53268702990907,94.77841117996736,91.34303681179753,93.18365683830208,120808
2020-06-18,93.52142752586705,94.2833362327249,90.88318710574322,92.4299206739446,152389
2020-06-19,92.78649143681669,93.29933483410582,90.77933834348875,91.54040624431906,218581
2020-06-20,88.65120572694548,92.005787383323,90.09142037116831,90.72459595935362,227927
2020-06-21,90.30480665585918,91.7516953538914,90.03925239898335,90.64749424993953,134773
2020-06-22,90.61720535876037,91.92605309685665,90.91105640925467,90.98864622475617,282240
2020-06-23,89.85782532936837,91.51137243521951,88.64996133461675,91.2653370240862,438540
2020-06-24,91.31470358553133,92.81184519625543,91.41484074233354,92.0925202731222,469836
2020-06-25,90.99494631953428,91.41256535080473,89.88836364417462,92.10552216500011,314764
2020-06-26,95.31132668558107,94.46071661536268,91.03774019023498,93.55905624215744,157505
2020-06-27,94.23007780206693,93.30580830176855,91.29608851077151,93.29439940891947,448040
2020-06-28,97.28612367050326,95.91097925829334,95.44618888822716,96.0145685755091,118135
2020-06-29,97.36190798731734,97.82013007442758,95.2365058329375,96.6402359232741,190887
2020-06-30,94.65402659564059,98.17508065320243,94.80727397324874,95.78307836685782,222118
2020-07-01,94.18766560251693,96.63050247479902,94.61588772952683,94.71218586879671,409521
2020-07-02,95.68403284526781,94.62415768041672,93.87029900231829,95.19465828403989,254626
2020-07-03,93.7490676898221,94.9815673621437,95.15023528987385,94.97119549871404,424635
2020-07-04,96.39819442297852,97.62596718079435,93.49751660434457,95.68519599280613,345739
2020-07-05,95.91810821922154,96.17594622384136,95.62305091467806,96.15843361737967,420427
2020-07-06,95.71078389717321,96.8609715547258,94.88444504884997,96.08560470472281,379067
2020-07-07,95.9497709548579,96.78886308567895,93.95552311510826,95.2388109866544,409735
2020-07-08,94.16822707345457,93.7556193071049,92.98286873567261,93.72396376196853,162261
2020-07-09,92.91648264408244,94.38282431604748,91.69075500842624,93.27744880990151,416480
2020-07-10,95.29317740758923,93.79982210930677,93.60875126084751,94.13384760422498,436227
2020-07-11,93.2668780207553,94.74657370440399,92.47664405089795,94.34794134835519,160948
2020-07-12,93.71813817658746,94.42198450378574,93.44818224988994,93.1022025696432,340891
2020-07-13,93.86848475346277,92.68238976196271,92.14900391594797,93.27538349549438,264074
2020-07-14,93.35115443590924,95.10117561318363,90.72177187616494,93.66070087522323,388816
2020-07-15,93.1029764612642,93.7572056400954,92.77717476362766,92.77684343902209,366357
2020-07-16,91.6794549685823,94.48305849938477,92.60831351549247,92.93056854496761,241365
2020-07-17,93.91280428262051,94.21269139747827,91.47486941375469,92.98877726341361,162507
2020-07-18,91.66090482914001,94.20994739555684,90.66622518364339,91.845806965583,157134
2020-07-19,91.68087130541224,93.32881882857919,90.85296422665772,92.20359432593128,233172
2020-07-20,93.8133880781364,93.33497331117427,91.27519172215185,92.76437885229952,341225
2020-07-21,93.14308640493203,94.96972759850708,92.21270862691303,93.84743009547479,293069
2020-07-22,93.49277085114613,96.44453017654608,92.79153230555346,94.90123214750969,390316
2020-07-23,91.9669336060287,94.57242284987831,92.1137441226241,93.5235627795526,382276
2020-07-24,93.19174769098312,93.62632943084137,91.82699539425602,92.58573773963748,348933
2020-07-25,91.82034365434986,93.39878131903939,91.4281993056434,93.10077300684614,380343
2020-07-26,95.36935313974271,93.9516580402074,90.71467702286313,93.61455895775835,136609
2020-07-27,92.04767723618068,93.7270013722647,93.26224039044696,94.1296066440644,274037
2020-07-28,99.67879450300916,100.73191487790605,97.95686743938975,97.98233813471911,239088
2020-07-29,98.7642461126149,98.30936541002099,96.4461479761253,98.55322864541228,394025
2020-07-30,99.59208117372249,99.99588908779697,98.80917544954647,99.68879428559288,313666
2020-07-31,100.09787696227714,100.92438878351689,101.81546559510012,100.64279604908609,386616
2020-08-01,101.69332341474396,103.18911167733633,99.44676562324146,101.29418730039188,282885
2020-08-02,100.94128335332668,101.68396837745951,100.51424624170546,100.97891805575154,331440
2020-08-03,102.84118915826133,103.98562934891854,100.82842055854897,101.7378872762448,357803
2020-08-04,101.07928971036927,101.29157143746336,99.63308173113822,100.96506206170723,267093
2020-08-05,100.8785452164291,102.00723761719102,99.53774377518816,100.72824345496723,416275
2020-08-06,99.87926769492427,100.40753285387837,98.53342808999908,100.24287990713812,255159
2020-08-07,100.26780842280337,103.46990317429783,99.76024041709428,100.32475404652443,112828
2020-08-08,102.94721438209001,102.45181419416843,101.12630681502186,102.63941261319795,458808
2020-08-09,99.06197902794958,102.08196813083323,100.03169409819012,100.7721474206062,232473
2020-08-10,100.110222188875,103.09218449191282,99.7195971300932,101.45840761098071,377337
2020-08-11,100.58895583381378,101.25949083724257,98.23032425577802,99.84569173979106,323461
2020-08-12,99.54462531212958,100.18847221512392,99.30919857604623,99.37375987400164,464662
2020-08-13,100.27872713461632,101.33288977123557,98.37672835479397,100.462710470969,381755
2020-08-14,100.54542442312986,101.57080196204357,100.06295393517851,100.52699049006446,274863
2020-08-15,99.79682741749683,100.30224371050666,97.64118791385401,99.44924571213515,438384
2020-08-16,98.19418232256582,100.6978211196701,97.36665468947385,98.73394200287518,339719
2020-08-17,98.63523502640756,102.62406275340122,96.57535607501474,99.41353975180986,308475
2020-08-18,98.8790183751904,99.12568133508489,97.90663910246457,98.68317312009272,364889
2020-08-19,97.92125893205966,98.52982873009562,98.2489485057929,98.8996317096747,417387
2020-08-20,99.35345630529298,99.85692150122725,97.96462315546624,98.94520354957851,366010
2020-08-21,96.59101959773486,101.87331253962702,97.59678298480698,98.2936032019727,263317
2020-08-22,101.46670292862366,100.63387272332828,98.63760538935597,100.43754729129802,490825
2020-08-23,101.54406379602906,103.71058311906009,101.68777692205262,101.07146631361603,171354
2020-08-24,99.30235346127229,101.72402454103486,99.10000614610477,99.04632372695842,151374
2020-08-25,100.21546902567337,99.67918980001986,99.30058096330704,99.23277804172785,214397
2020-08-26,100.23646602142203,100.13997465614473,96.62068398498589,98.57099157695946,348552
2020-08-27,100.43779497677382,102.05182153488423,96.71281153917376,99.42342491175569,486721
2020-08-28,96.79002994199135,99.2517764323355,97.73535339186046,98.63090417332299,443173
2020-08-29,97.23659076512038,99.31258737175372,97.6849894550461,98.51616773185609,455718
2020-08-30,98.39633643314087,99.4394740968879,97.95110284772338,99.02115501083655,392575
2020-08-31,99.91300125521751,99.8721534743138,97.72503190239848,99.88691020500667,129336
2020-09-01,99.20427281842001,99.03733625288487,98.61396693214145,98.68661379795088,403136
2020-09-02,97.62636874895647,98.12817229534768,97.11374357937515,98.35211256210994,155350
2020-09-03,98.06393401542607,98.91125071920821,95.90196962116656,97.87716725094899,169561
2020-09-04,96.46845508602195,97.45386478731663,95.72274384843543,97.22383801837528,414099
2020-09-05,98.37777445566442,100.22307817044712,97.79971064205763,98.98929225865638,161240
2020-09-06,97.9876128727691,98.8383783234137,97.3932278770502,99.39427396961733,251165
2020-09-07,97.21015676917138,99.46427024749674,99.83662230828152,98.13339001528229,499371
2020-09-08,97.69956735672073,100.88478092394598,97.37337664280615,99.05125196233706,146607
2020-09-09,100.19753490637235,100.17967251677824,100.82748384247712,101.17340815934969,286740
2020-09-10,103.25951521650867,103.57992998974841,103.0365063167573,102.20587341990084,281196
2020-09-11,99.73710456511489,102.91417244642012,99.17530085442185,100.68650345394683,415014
2020-09-12,102.83465144591796,99.99262836238937,97.82861083591762,100.20226938108057,164110
2020-09-13,101.96249843114808,104.1417529171049,100.60662904489489,101.4691805302672,284626
2020-09-14,100.9463471883433,102.18053007401446,98.80863651744548,100.76151106464842,252008
2020-09-15,100.34697271261344,101.50031863703623,98.593052234806,101.20533049279464,479039
2020-09-16,102.68027442563297,102.92419546856628,99.66505009263993,101.97996454622398,104426
2020-09-17,100.47739624840811,102.61136098716761,98.4130695452745,101.0530340746459,319911
2020-09-18,101.11551853322946,102.0695141099965,99.2513812275122,100.9935087185841,389750
2020-09-19,100.31232591678382,99.29099737096139,96.67680773961344,97.75224137851502,128151
2020-09-20,96.63179383745609,96.80718014410137,97.32981954907791,96.72785373718074,373452
2020-09-21,97.62455891207325,97.64464640982365,95.72134807391753,96.47528558578757,340853
2020-09-22,94.52432597869684,94.81378790691774,95.07074899913891,95.22750240382273,354595
2020-09-23,96.8249252172574,97.74868764640566,93.68897099025655,96.85991370775436,276743
2020-09-24,97.20057296542923,95.52586468832894,94.60565814222606,95.42977232979372,190306
2020-09-25,94.36276078530898,95.25419790050698,93.86652303631226,94.98972784309674,325180
2020-09-26,96.93291697837977,97.35656159559328,93.56898304434236,95.12046842038284,469128
2020-09-27,97.26949364490443,98.65305183004322,95.51813926307649,96.56174170944895,102204
2020-09-28,94.56341278237525,96.73501767917669,92.43082851783876,95.12587955826952,192769
2020-09-29,96.92145104948,96.19673054575189,95.91169267215892,96.28904331042447,187265
2020-09-30,97.27183082107078,96.98286792174925,95.1046689162068,96.29927637144405,393275
2020-10-01,95.9395776826133,97.53086542037529,95.06023830609415,95.3177677203961,152428
2020-10-02,94.20964647476892,96.92158810829929,96.09989370588008,95.77987119465938,133870
2020-10-03,95.25179371440798,99.29826043021454,95.59069998113813,95.97893089023285,203547
2020-10-04,95.13119537752254,96.77203185246842,94.41575081012246,95.37871401307405,335990
2020-10-05,95.37408266896404,96.6405652145541,94.87781832258133,95.44851609806408,149067
2020-10-06,95.683874598753,95.75408603699981,94.75562348107617,95.06320250120231,338083
2020-10-07,95.35442084738682,96.31026075123584,95.5830373101254,95.17671984645357,212217
2020-10-08,94.5035061622645,96.68638068459406,94.9219560936033,95.8388505209746,198934
2020-10-09,97.80506518812592,99.13297601380856,97.92958771115096,97.42486733711996,242980
2020-10-10,96.79763758357694,98.1437541550877,94.4269958746035,96.18705183829312,436851
2020-10-11,98.87987566088042,98.53409575244143,97.23764546001487,98.32008521294938,309329
2020-10-12,97.4487781389815,96.0367644598691,96.8255489128918,96.36799741342688,357354
2020-10-13,97.05013447294019,95.38000694528799,95.52542139544114,96.21621231839129,161215
2020-10-14,97.26370960410429,98.3125208517884,96.55668593046644,96.80452952487586,286907
2020-10-15,97.01535568115226,96.98215478643702,95.76634688219173,97.0855213926109,411573
2020-10-16,94.8018609392743,95.30993127983781,94.12237142676716,96.4628218727903,444296
2020-10-17,96.68431784156562,97.64327822696399,97.12987209207877,96.25469962243302,208048
2020-10-18,95.96938637493732,99.25469820520699,94.64667260862679,95.7616986877742,269530
2020-10-19,95.44391276802536,96.16626301929008,94.33246672639662,95.17233393082998,277241
2020-10-20,94.7451874520307,97.86042680230265,94.35059595140055,96.02193602785101,238731
2020-10-21,95.29789497340781,97.46078087236363,95.16575488557838,96.37895151381606,339977
2020-10-22,96.73919477188831,96.58715226536427,95.43801125029422,95.6860419185554,439384
2020-10-23,96.546086640132,98.50471827697642,95.90469572965527,96.58564179398866,213688
2020-10-24,97.5744420122379,97.60266677067662,96.68896717166876,96.89294131486527,408617
2020-10-25,97.73412180983468,98.97319574777612,95.62979629510562,97.70580343370422,458906
2020-10-26,98.36518841512358,99.65713008182385,97.3141206269559,98.33543227562784,320460
2020-10-27,98.44472107068177,97.83834681106272,94.60524657895276,97.50643726470577,469100
2020-10-28,96.43021149629142,98.93829857404532,96.00691703832342,96.9462562245088,480596
2020-10-29,97.78967060657304,98.51859007293665,97.40195659654252,97.69354982963206,286823
2020-10-30,97.84164480636048,98.54817493557267,98.81763448767835,98.30392009506552,488455
2020-10-31,97.84852227366905,99.81952834467177,99.0861581773573,98.28301850110137,309987
2020-11-01,98.09117376094152,98.50187790261911,98.98448182741565,98.40034588441016,369150
2020-11-02,99.90014455183228,100.70619193756771,98.4108841291871,99.67801078019858,349243
2020-11-03,98.60769076969927,100.07732039471854,97.57771436813282,99.08643939136275,174218
2020-11-04,100.88929289810632,101.71943233836437,100.21472747456492,99.63353677253279,296416
2020-11-05,98.5367368178794,100.90604235297886,97.53630580602278,99.4313441200989,132430
2020-11-06,99.02679127271031,100.18863595812653,98.6967239685551,99.21366291687167,123091
2020-11-07,99.87270871058469,102.13020606805915,99.16564675687331,100.31243976885887,357125
2020-11-08,102.58483400220062,103.52806366686421,98.52563548959147,101.1378561178469,123989
2020-11-09,102.1479205303591,103.5091760601994,100.05452643798199,101.95136575384753,175451
2020-11-10,104.28868910047049,104.26719718084523,102.52537520890769,103.25684456100186,118990
2020-11-11,101.79228802959764,102.96601217028446,103.1690406280499,103.27784840263462,452414
2020-11-12,104.22685163979884,103.89468771085421,105.11161677525888,103.95980137392958,442504
2020-11-13,104.53916541295956,104.34430991298146,103.36868793657855,103.64953461733613,350541
2020-11-14,104.05598495909999,104.36418876766528,103.18483120865226,103.97370096982456,398225
2020-11-15,104.90903829052223,104.65658661247144,103.83073744260807,103.84355791545688,242105
2020-11-16,103.42326543034923,104.9972038053467,103.0718108475419,103.9405538804496,470416
2020-11-17,105.9450583460721,106.06540366024325,103.45885902292775,104.53571090588652,378385
2020-11-18,106.0163883462723,104.64699144459395,102.94234620446112,103.71749022265304,224932
2020-11-19,105.44703893789885,107.29637914216471,105.45988007916196,105.80987749833851,368083
2020-11-20,104.35835759543804,105.86833453164893,103.63520544487207,104.8038601168388,213000
2020-11-21,105.04305598116876,102.6142049376972,102.14773085448167,103.58967150405107,278634
2020-11-22,106.32735452328184,104.80844698373238,104.83818145499397,104.74778237755113,135063
2020-11-23,105.01658504436081,106.39535751579247,103.12851269176781,105.53944507151408,307793
2020-11-24,105.74337807147037,105.95387014572512,105.26215302085049,106.16356488856623,258117
2020-11-25,106.51012578897,108.39183912782671,105.77306077488566,106.7919103978305,409262
2020-11-26,105.43521311394932,109.3104144573273,105.07144920172703,106.7796636249836,184703
2020-11-27,104.96375730701357,108.10117110519509,104.64919312223427,105.88240925349777,335796
2020-11-28,104.95407304493942,106.74477094076128,104.00507717777825,105.9582138116915,228557
2020-11-29,104.51325453507525,107.77177823702934,103.99392793497756,105.28105210017938,389220
2020-11-30,106.22148694621036,107.40483929079925,105.86860920823757,106.25617183359714,353317
2020-12-01,106.3433291846315,106.77202848097694,104.74761092688888,106.10911445209499,295877
2020-12-02,106.83411774811655,105.67021459176154,105.42734346262314,105.28361725530247,406749
2020-12-03,103.9638773729107,105.65976172716137,103.85367170787296,104.96223141364949,446709
2020-12-04,106.35948526640169,105.98698604938389,104.40839285856957,105.37516286792511,401265
2020-12-05,104.59744947089563,105.98185453749663,104.01955517239368,104.81143831512114,393577
2020-12-06,103.93975420990228,105.14979190060457,103.11775543099364,103.9892179195547,143309
2020-12-07,104.90772462321323,105.23595115120004,105.11475417654427,104.23290513104662,429612
2020-12-08,103.35514968059304,105.9148098719017,104.0265966098963,104.47787170215534,429437
2020-12-09,104.35333827296826,106.16157480157055,102.87808362564309,103.9709285267842,458402
2020-12-10,103.66634242937894,105.4494443566072,102.34003382916849,103.49989022116588,400549
2020-12-11,104.22439142253168,103.24704219007363,103.7596152994495,103.73194015852353,143527
2020-12-12,102.57302446093401,100.72993468212424,100.01814797616149,102.2838558170262,439371
2020-12-13,103.33169218256053,102.81071195388891,100.74256689086414,100.87639204264964,493708
2020-12-14,99.52020783714589,99.79106912298178,98.18849062087047,100.1579478213972,324490
2020-12-15,99.41350371468354,100.71973526779267,98.51730630781367,99.94450066968535,239883
2020-12-16,99.6322677088586,100.08529520922401,99.90163554512718,100.25540823528337,193344
2020-12-17,101.17528733307266,100.9287840146529,98.95545355962341,101.73076445223292,255344
2020-12-18,101.9510369481284,104.12988680363972,102.78206090719141,102.58842407543493,323564
2020-12-19,103.61750207657906,104.18764070577414,100.5093313718615,102.4284855454715,147153
2020-12-20,103.82997358555868,102.8329589368421,100.40888701952585,102.40946933756882,208042
2020-12-21,100.83619367918153,99.81589768078611,101.07756018200766,101.40693997293101,154110
2020-12-22,100.5560712638344,101.84218238868614,98.99596153687429,101.38842683693862,245051
2020-12-23,101.57118375440488,102.49157220342103,100.34981471261743,101.09976819801848,341131
2020-12-24,100.8702637140756,100.94357518958245,100.13379312907671,101.42248675835657,339173
2020-12-25,101.22818763255975,101.7786157345834,99.33493397603303,100.59525581480425,128328
2020-12-26,101.31752534989673,102.09929247987243,100.24891107051597,101.11460232904543,212911
2020-12-27,101.13159712705077,104.22663274164908,100.83653296888822,102.647341242048,375011
2020-12-28,104.08608629492122,103.6581614620053,100.74509237303893,102.53858109359115,159234
2020-12-29,104.7361704887856,102.96722387480852,103.68882478892827,102.94029281569009,387995
2020-12-30,103.0176481169168,105.82700830906569,101.32609656452304,103.6304368074012,393423
2020-12-31,102.84151477557937,104.07068676248839,103.89170832355103,103.22921633551536,348503
2021-01-01,103.73917420805068,104.42600427781585,101.42076261298412,103.45330881732578,327135
2021-01-02,103.8003580080946,103.53263325903438,101.33919608128,103.46590121810758,173402
2021-01-03,104.22212158932923,104.1202950654649,103.65454374687161,103.5635773166564,377593
2021-01-04,104.80077207156728,102.90576481877403,102.20138182075551,102.79056753280094,438365
2021-01-05,102.63813047956583,103.64213164713647,102.92078237554583,102.81507770705988,451224
2021-01-06,102.51477875376686,106.02478447844767,102.52799702859406,103.31307599830532,105451
2021-01-07,103.38490037808585,104.39231846316902,104.0722538902861,104.76421960610037,187178
2021-01-08,104.99256039224365,105.10992903430883,103.94382989991622,105.72349043218557,425905
2021-01-09,107.84354591682333,110.34784321719074,105.56636414357753,107.87667288969713,336562
2021-01-10,108.90388319032687,107.90000164965721,104.71364151601912,107.10932532680908,401014
2021-01-11,107.46403466449358,108.31257322486984,107.54381399010806,107.98164596352976,458710
2021-01-12,108.38877592090701,110.20489265666419,107.37420984301264,108.16498796926811,485893
2021-01-13,110.33836800641303,110.74917536274893,111.03822909470674,110.35479090248579,223765
2021-01-14,110.73488589057872,112.37250233067758,109.35236268362682,109.54649261713064,487025
2021-01-15,111.23370320082348,110.38469664628913,106.7419191418524,108.70677077494986,228389
2021-01-16,107.57650935658552,108.61946672136013,105.4917953059576,108.10737812950583,289699
2021-01-17,105.49404296267781,109.14079061846154,106.21783127707594,105.98348240519603,297227
2021-01-18,106.50188826058434,105.85201246051193,105.05019164266815,105.45772738351526,387516
2021-01-19,105.38048621158788,106.44069009397087,103.72500047892049,104.69859472196157,365786
2021-01-20,106.6956958341738,106.14828108884426,103.56882734961816,104.84898850843777,360220
2021-01-21,105.77467266954089,107.49248577361374,105.00034800413658,105.19074448421493,396208
2021-01-22,106.70762323264375,109.62842652015767,105.64285427896672,107.06691532343082,325898
2021-01-23,108.60799399230919,109.04934331068264,107.4911785086878,108.01733916161687,376266
2021-01-24,108.54913908653738,107.68701763560829,106.45488777683275,107.44043550595447,168431
2021-01-25,107.36250301580348,108.00199297754524,104.99573658660242,106.54202083460612,155745
2021-01-26,107.54121403721992,107.35622463636051,106.02751773630168,107.03394000611262,150081
2021-01-27,106.78038148868113,108.7270940466186,105.15009268961855,105.71370679909198,316204
2021-01-28,108.714461155392,108.68170089602907,106.65477536887217,107.54516556494633,176253
2021-01-29,110.10676467670514,109.3592841343555,107.81296864487295,108.72460568566761,398335
2021-01-30,108.90413992115256,109.44011033942782,107.62544106344504,108.25543003356292,372355
2021-01-31,106.37517742415518,106.19516921494234,105.80109156713914,106.54229550447204,211086
2021-02-01,108.04288156507077,107.92455384012679,105.29752070813272,107.89616787863744,464115
2021-02-02,108.98813699989319,109.98204194132926,106.22070858544359,107.78162803338483,193783
2021-02-03,108.20250867437106,109.3625500663869,108.31492466338746,109.0194443453583,225681
2021-02-04,107.79368999543682,107.37810570388199,105.72806228205319,107.42501668656392,187893
2021-02-05,106.4323028512828,108.36229441613744,106.15946115336617,106.82564166361016,258763
2021-02-06,106.85963018626315,109.01658951799133,104.6577607257417,106.83088536332833,177960
2021-02-07,108.15631781970038,108.59681926775815,105.50822376489498,106.87786595709308,446532
2021-02-08,106.61889955363374,108.42384817141965,105.53510262961805,106.42780048561383,122601
2021-02-09,107.09708696611749,107.29385532939187,105.60293349215105,107.05065041796134,239227
2021-02-10,104.62317384759882,105.56121932183689,106.55390614064723,105.98302998857874,300191
2021-02-11,106.58690406958466,108.34198415551293,105.96741797246725,105.84065050355744,267849
2021-02-12,106.60643031641041,106.6382662964272,106.1548711416684,105.96094613526934,381854
2021-02-13,108.63863969263355,107.22455195287304,105.33244187456438,106.47538496932809,470858
2021-02-14,106.87922161246398,109.51519398926604,104.4544848479319,107.18699984741698,255604
2021-02-15,106.28150808324305,107.61858776497978,102.83105760938648,106.06235775557911,228727
2021-02-16,104.77762726855426,105.9841313569251,102.89019248340274,104.5282435848435,163227
2021-02-17,107.38337368650548,108.97092275164309,104.30507593179755,105.805920406742,236039
2021-02-18,106.04293888633464,106.49471618834146,106.93929215287433,106.1382344187216,184289
2021-02-19,105.66876940793537,107.31758801024628,104.93242168189906,105.38974788216504,251094
2021-02-20,107.5487963674041,107.99791298258464,106.72868360959579,106.94089985768755,305743
2021-02-21,107.24318361513677,108.32516677084367,106.67742209023153,107.05657449198041,367866
2021-02-22,107.78943806149371,110.76434010245677,107.40401549462904,108.23587167604424,258485
2021-02-23,108.49748015035267,109.81122591374398,107.77548073515149,108.30339015745436,443194
2021-02-24,111.43776983219611,111.90243416138597,111.34343789271213,110.36413808233634,333820
2021-02-25,111.09296362536848,114.19198626208934,110.37156866866201,112.11947892477954,336994
2021-02-26,112.00348445044735,112.50556204675757,111.94325780204028,111.87051477630047,445740
2021-02-27,112.14196491231566,113.00287605991582,111.60283886314367,112.84208572725483,428876
2021-02-28,114.68250830576481,113.44265248281894,110.41337900709,113.48746167683997,168323
2021-03-01,113.33290632958855,113.88973664499632,114.77547782595875,114.85609323437232,385960
2021-03-02,113.33224792652062,116.94737690373253,115.42145729653855,113.89116977379221,140695
2021-03-03,114.95443310885517,114.47401286806897,113.86322545567076,114.57722123379065,155841
2021-03-04,117.20116974987458,116.41439209705447,113.53468608564167,115.63564572064024,490642
2021-03-05,113.81115597314414,114.60009293432822,110.91855877999653,113.87690623421713,298784
2021-03-06,112.13844819485816,114.00105441936046,112.92319731600378,112.69364772155136,207096
2021-03-07,112.53557261323185,112.47015275633055,109.15771632055474,110.65441554379126,192764
2021-03-08,108.93699480893046,112.24548219770645,109.85031916612677,110.3850087093467,185744
2021-03-09,108.90374500852259,111.51947352657373,110.2084993194468,111.10255096514267,390626
2021-03-10,113.04492246729203,113.43778630345228,108.96056467022166,112.6049080172387,109171
2021-03-11,112.17694857330586,113.96158274814677,113.18197312605362,112.67900279765847,200755
2021-03-12,113.28638552609905,115.05892721704622,113.05387868173518,114.30761834322976,208125
2021-03-13,113.63587333231422,115.53486246103486,111.45982371324943,112.92751688501487,492866
2021-03-14,111.46793515943091,112.71510939729797,109.13834812072037,111.22413444565971,468226
2021-03-15,110.60450811602637,112.90346453281292,110.0706035932922,111.1685867467631,103696
2021-03-16,110.2723477970315,113.21553346436981,110.24460165619828,111.5526521957024,226310
2021-03-17,112.39241477588845,113.69343130509363,110.9116060150301,111.5199574476083,251385
2021-03-18,110.1027165255271,110.63353690627214,108.18338840632333,109.45251534756844,381293
2021-03-19,109.26421944427626,109.06656336009979,108.70658758355306,109.36339530805564,492208
2021-03-20,109.90556280359846,109.45861375930343,106.43735391769474,108.05892580755079,415665
2021-03-21,107.65851359005468,109.077241462589,108.09820869242446,108.72859835638083,145740
2021-03-22,107.56967143155293,109.56657992072792,107.71809620857549,109.09519660247767,206611
2021-03-23,107.46340874626907,109.74168083490541,107.1845796298353,108.15531681615032,498172
2021-03-24,107.59586388245812,109.87973297024726,105.51539964804145,107.64144989881362,348922
2021-03-25,106.82557582624736,107.60350795366072,105.63363010051316,106.58223637692467,428785
2021-03-26,106.27832122179518,107.82839029225048,107.29258974785839,106.51955727965151,163811
2021-03-27,107.82675499666705,110.17691454478799,105.21277809943875,107.47469960015275,282385
2021-03-28,105.23743412962676,107.72972673330577,106.39470585467983,106.4889735538172,163232
2021-03-29,108.43678467340831,110.59470318351543,106.64678640798387,106.99302006933505,377561
2021-03-30,106.38061127257004,108.02827209659415,106.0584237450061,106.4627624509626,255801
2021-03-31,106.78718545028838,104.90912685954443,103.29545152552943,105.66988961870025,212492
2021-04-01,105.90558460512341,107.31620087985024,106.69853347272439,105.5628592587457,130099
2021-04-02,104.98437015548011,105.9087753212091,100.38986840266634,104.52761693632633,329206
2021-04-03,104.54373491121135,106.26372038506189,101.9179108219131,103.97396763097915,218474
2021-04-04,103.22379829840762,104.44927108966026,101.55285082426114,102.7760897383903,371400
2021-04-05,105.38353763117422,105.60235888732291,103.79570887192297,104.74081487130668,343588
2021-04-06,106.10523095341084,104.55178018698903,103.49052434842075,104.7760784232784,134681
2021-04-07,104.2728740849873,104.8673296579998,102.55523048690648,104.07635291528582,191328
2021-04-08,104.99933658360857,104.43981237181075,102.64511724007,104.29033282602005,318512
2021-04-09,104.08826908204199,104.5974813265245,102.62240031032577,104.17800477632922,405505
2021-04-10,105.39715239224547,105.54561358121661,102.86745449554076,103.957035176796,134540
2021-04-11,103.89480957478015,107.24110638119083,103.76854029714676,104.57120187683942,257608
2021-04-12,107.12965001979755,106.72338111670972,104.47998287054024,105.32870958688673,184700
2021-04-13,104.75805048863185,104.60232537724102,103.99311671962887,104.7982084392762,440676
2021-04-14,102.79161509651347,105.66699286685166,102.08862010176445,104.22239019863152,287647
2021-04-15,104.07544291639067,106.14396998812553,102.35378177919901,103.94733850147988,489770
2021-04-16,100.9643656792694,102.0356344324249,103.58580597140856,101.64541733674429,496087
2021-04-17,100.97086982353446,100.99620910787282,98.47432549801597,100.13022627454573,146002
2021-04-18,100.84447656268787,102.51178873671947,100.30236434727149,101.49710054199026,149812
2021-04-19,102.69588482227677,103.35716994240931,102.16077701193745,103.14206825549155,291051
2021-04-20,101.00349148498964,104.54131264977903,102.28155066902406,102.89303221593516,357906
2021-04-21,103.01728285974185,104.34864103038315,101.34547645900491,103.46958917899093,208946
2021-04-22,101.35696000690551,105.2003717774415,101.83331287141162,103.78083933353447,166668
2021-04-23,105.27581731850398,106.97222796418761,106.63259780981332,106.85972014198971,199003
2021-04-24,108.73970970956857,108.54183675310087,106.57224276629975,107.97929505342428,311142
2021-04-25,108.63717762059434,109.57375881977129,107.8230341964848,107.85137746194351,320462
2021-04-26,107.32129458312805,107.52300386925131,107.27545518613202,106.89583702134308,405142
2021-04-27,104.32241455795631,108.01635455231893,104.91610792567549,105.28939070108552,294886
2021-04-28,105.44514298081077,106.09321815133815,103.63046086456998,105.49285433695275,204601
2021-04-29,104.73290105257787,105.96118831742032,102.78337854629235,104.73650359166844,369956
2021-04-30,102.15588519287823,105.24684071394385,101.80116446197347,103.31424988207077,161844
2021-05-01,104.17107529959539,102.24931126489521,100.94258121098024,102.66767699782824,301165
2021-05-02,102.46349128478951,100.82532018223306,100.06995070709888,101.58612899421384,495395
2021-05-03,103.05230645545674,102.7476143147163,102.91475222450936,103.2732706292864,274870
2021-05-04,104.18179622523039,106.41749448966304,102.72298784156192,104.15491038623585,174601
2021-05-05,104.3553205528668,104.59507959902679,102.34652821969156,104.14693774491924,410001
2021-05-06,103.58514701538498,109.18508116947751,103.87259055399569,105.62688188380926,487699
2021-05-07,105.45707280893629,106.14000259279949,103.51533681998224,105.70425019145688,382844
2021-05-08,104.16098174213082,106.02751729332566,103.13466214292755,104.84296599012862,357927
2021-05-09,105.36447005750335,108.90820001996615,105.0146418598567,106.36609006739828,273423
2021-05-10,106.62389981819699,109.91109299924206,104.83484987276651,106.90500011108294,193330
2021-05-11,107.665440483606,108.92925753339289,104.89427521600555,105.86775395675649,325391
2021-05-12,106.31825813993987,107.88578150926601,105.55928992990059,105.67741527867287,313606
2021-05-13,104.23061803550532,106.82585955109957,103.96486398923187,104.80179702528811,291387
2021-05-14,103.99158007567993,105.01152424352496,103.16389993913022,103.41899729432377,341133
